DrawDate,WB1,WB2,WB3,WB4,WB5,PB,PP
7/22/06,40,47,14,55,54,6,4.0
11/18/00,27,31,41,3,32,33,
5/13/98,2,36,13,30,18,26,
10/15/03,29,6,39,52,9,8,5.0
10/20/12,4,28,31,44,21,10,
1/9/08,2,20,13,23,21,24,3.0
10/16/99,5,40,18,22,12,21,
7/18/12,5,2,57,23,20,3,
1/4/12,50,35,21,47,46,2,4.0
5/25/16,64,24,59,41,11,15,3.0
5/22/99,36,18,6,43,15,11,
9/30/00,24,19,32,44,43,39,
7/24/10,59,30,46,38,20,27,2.0
12/31/05,43,4,46,30,37,42,2.0
9/17/11,43,22,6,20,32,11,2.0
2/5/05,44,11,34,47,37,23,5.0
1/14/12,41,30,10,36,38,1,5.0
7/4/01,30,25,3,28,26,10,3.0
11/22/00,44,18,5,40,47,34,
2/16/11,23,48,21,9,13,24,2.0
3/15/14,34,5,51,2,58,9,4.0
6/13/07,47,28,13,30,10,26,3.0
7/7/01,9,34,22,46,3,17,1.0
1/29/11,28,45,24,52,49,2,4.0
1/6/16,47,2,63,62,11,17,3.0
5/20/06,23,2,9,44,45,38,2.0
5/29/10,24,3,28,1,41,10,4.0
1/26/00,46,43,18,25,30,18,
3/9/16,32,34,14,23,68,3,3.0
6/29/16,29,37,23,64,60,6,2.0
4/13/11,4,49,39,50,23,39,3.0
12/18/10,43,19,4,11,33,14,4.0
6/14/00,23,21,42,32,34,5,
6/22/05,13,51,42,23,9,15,5.0
5/29/02,49,28,18,35,31,13,1.0
9/19/98,41,35,19,37,1,11,
7/2/08,46,33,52,48,4,17,5.0
1/15/03,17,42,44,30,4,15,5.0
10/12/05,54,51,9,18,4,10,5.0
9/4/10,33,22,42,14,11,38,2.0
2/24/10,50,17,57,35,4,12,2.0
11/17/04,31,15,46,25,36,37,2.0
2/26/00,49,9,7,23,37,7,
12/29/01,45,10,43,27,15,31,2.0
6/14/14,33,54,42,9,45,30,3.0
7/5/06,26,52,39,41,53,20,2.0
9/24/08,32,36,13,21,5,33,5.0
10/18/08,40,10,14,32,49,15,4.0
5/5/10,47,13,34,40,57,11,4.0
9/23/06,21,45,26,13,50,20,4.0
1/27/01,45,19,41,32,8,37,
3/15/08,6,42,43,47,22,16,2.0
2/24/16,67,21,65,31,64,5,3.0
7/16/03,30,18,49,28,27,20,5.0
11/12/14,55,37,39,52,51,11,3.0
4/2/08,37,1,55,44,34,33,4.0
5/30/01,12,36,28,43,11,9,1.0
6/19/02,4,7,3,11,1,23,3.0
7/24/99,4,23,45,47,33,33,
1/9/13,11,20,13,27,59,26,
6/25/08,53,45,14,21,25,9,2.0
3/30/02,29,13,8,16,19,37,1.0
8/4/99,24,33,35,4,18,34,
3/28/98,27,44,33,38,30,15,
8/27/11,2,54,12,58,25,14,3.0
8/24/16,25,11,9,65,64,16,3.0
5/3/14,15,5,46,49,16,26,4.0
7/7/12,5,3,29,59,39,29,
1/1/03,42,43,34,53,18,17,5.0
11/19/05,15,54,20,41,8,22,3.0
3/6/10,41,33,10,59,29,15,2.0
11/13/04,33,34,26,5,6,13,5.0
12/12/07,7,40,55,33,14,15,5.0
3/18/15,30,47,33,25,14,8,2.0
6/16/10,29,18,11,36,8,6,5.0
9/14/02,14,5,40,26,31,29,4.0
9/3/03,19,9,6,24,40,31,5.0
5/14/08,46,29,21,32,19,32,2.0
2/23/11,32,36,39,29,49,29,3.0
1/19/11,36,51,56,22,59,32,3.0
10/5/13,11,39,40,17,12,5,
1/31/98,13,36,48,7,11,18,
12/1/04,44,28,36,38,3,1,4.0
1/8/03,44,16,22,46,26,20,3.0
4/29/09,6,36,50,19,59,13,5.0
6/29/02,45,4,35,33,36,22,5.0
3/7/07,18,16,46,19,13,36,5.0
2/11/04,5,50,52,16,28,4,4.0
5/9/01,49,22,14,19,9,34,2.0
11/25/00,37,2,39,38,42,22,
12/23/00,27,6,11,15,22,27,
3/6/02,30,38,5,15,7,2,5.0
11/6/13,49,1,5,10,15,22,
8/13/03,44,26,48,35,31,32,2.0
12/5/07,8,55,21,15,1,41,3.0
11/3/07,1,38,40,53,31,42,2.0
5/30/98,3,45,29,24,14,24,
6/14/08,50,31,9,20,11,14,4.0
9/12/01,47,25,39,13,35,1,3.0
1/11/06,18,14,3,17,6,14,2.0
9/6/00,28,6,4,12,42,6,
5/11/13,6,23,19,43,13,16,
6/5/13,4,36,26,33,55,32,
11/8/14,9,33,19,38,54,15,3.0
10/31/07,29,18,6,37,16,24,2.0
8/16/14,7,8,17,59,48,9,2.0
11/2/13,27,40,13,23,24,17,
12/13/97,44,41,46,35,5,27,
10/29/14,48,28,59,25,57,16,3.0
4/21/07,45,26,28,22,33,17,4.0
1/2/02,36,46,23,44,42,33,3.0
1/27/16,40,52,3,67,12,21,2.0
10/19/11,26,35,16,52,58,2,5.0
3/2/16,62,52,13,12,44,6,2.0
6/24/09,53,24,51,16,18,16,5.0
12/16/98,3,32,19,27,8,38,
7/8/98,19,5,16,34,29,24,
7/31/02,2,4,34,22,6,26,4.0
12/16/00,26,34,2,33,39,23,
9/30/15,40,59,21,39,55,17,3.0
6/4/03,26,53,24,14,2,1,2.0
2/22/17,52,10,61,28,13,2,2.0
3/17/12,11,55,58,14,49,30,
4/27/02,12,18,1,33,9,14,1.0
5/7/16,25,66,44,5,26,9,2.0
8/9/03,25,40,18,23,26,15,4.0
6/22/11,59,12,46,19,15,12,4.0
1/21/15,57,12,28,15,11,23,4.0
6/10/00,47,2,32,40,16,15,
11/14/01,17,28,30,4,40,3,1.0
5/28/11,43,12,20,51,55,11,4.0
1/22/11,34,30,51,31,45,23,2.0
4/28/07,16,43,46,49,22,10,4.0
4/8/15,1,19,45,58,46,29,2.0
9/25/10,8,35,27,16,42,30,2.0
7/10/13,55,45,31,30,59,27,
6/30/99,5,20,40,10,12,3,
4/3/13,35,8,12,1,6,3,
8/3/02,34,24,33,13,19,41,5.0
2/3/07,13,20,33,42,12,37,5.0
8/12/15,29,38,8,13,52,28,2.0
6/19/04,2,37,36,48,9,16,2.0
12/3/11,18,5,33,43,45,8,3.0
1/8/14,39,28,58,47,10,22,
9/22/10,10,36,52,24,55,15,5.0
4/21/99,3,11,45,41,32,29,
10/5/16,60,29,18,27,8,15,2.0
11/10/99,43,40,19,13,31,36,
4/19/03,48,10,18,40,46,30,5.0
10/20/01,40,16,47,7,33,33,2.0
2/13/08,32,13,38,51,19,30,3.0
12/14/05,45,15,8,16,51,11,5.0
10/31/09,19,26,54,41,2,23,5.0
2/21/01,32,4,10,39,45,25,
7/3/04,3,30,8,47,12,23,4.0
1/26/02,5,14,22,30,15,31,4.0
6/17/15,22,20,21,54,41,7,3.0
10/17/12,42,23,10,7,1,35,
3/9/11,12,20,28,40,48,8,2.0
4/16/08,21,18,11,16,51,16,10.0
12/20/03,48,24,12,25,20,37,4.0
2/2/08,14,44,25,26,16,30,3.0
8/23/03,39,50,51,46,1,7,5.0
10/30/10,49,7,27,1,36,39,5.0
12/8/12,23,40,53,26,7,21,
7/15/00,21,5,8,49,46,34,
12/8/10,25,8,11,58,41,16,4.0
4/5/08,30,47,27,12,37,26,5.0
1/28/09,10,32,18,5,23,4,4.0
4/13/13,10,57,31,12,56,33,
11/14/07,16,30,20,18,48,6,2.0
6/24/15,5,10,3,22,32,7,4.0
8/25/10,17,36,29,16,31,23,3.0
1/9/02,39,7,40,42,43,4,5.0
4/16/14,42,34,59,39,44,8,3.0
7/8/15,30,27,25,15,4,18,3.0
11/29/08,5,55,33,39,36,21,4.0
3/14/12,1,8,59,46,41,24,
9/19/15,12,43,17,26,48,24,2.0
11/14/09,57,30,19,48,32,14,5.0
5/21/08,21,33,42,7,16,25,4.0
5/9/15,58,4,17,35,15,17,3.0
5/7/14,48,31,17,49,29,34,2.0
2/18/06,44,48,15,43,17,29,4.0
1/22/03,40,30,20,28,43,3,3.0
1/9/16,32,16,19,57,34,13,3.0
6/2/99,48,24,4,20,46,32,
11/1/06,46,54,13,7,8,35,2.0
9/12/12,48,56,24,36,33,6,
7/3/10,52,53,3,14,10,3,3.0
7/24/04,52,29,2,3,13,25,4.0
11/29/14,13,30,24,42,48,27,2.0
6/25/05,28,32,40,7,31,14,2.0
7/30/03,26,31,49,22,18,28,2.0
8/7/04,16,34,9,8,48,8,5.0
9/4/99,23,22,34,26,14,29,
9/26/01,35,18,30,26,44,19,4.0
5/24/08,40,33,51,52,41,6,2.0
8/7/13,58,5,25,59,30,32,
11/27/02,1,25,40,53,20,19,5.0
9/18/10,18,44,1,39,37,13,4.0
12/20/97,23,11,12,17,10,7,
3/27/10,21,7,32,52,44,10,4.0
2/14/15,44,45,1,24,51,28,2.0
8/15/09,14,26,32,15,36,12,5.0
2/8/03,21,23,13,20,2,35,5.0
3/3/10,14,49,9,7,45,23,4.0
3/7/15,50,42,36,38,34,33,4.0
3/18/06,25,1,36,42,34,19,2.0
10/9/02,9,38,43,10,42,5,4.0
8/16/06,22,2,13,50,48,2,4.0
11/28/07,23,39,8,32,37,38,3.0
9/10/05,10,11,8,48,50,16,4.0
8/4/10,53,30,19,37,28,36,4.0
8/21/10,7,22,10,27,12,26,2.0
2/26/14,42,11,12,38,17,2,2.0
3/3/99,1,44,42,12,8,13,
1/17/04,48,32,9,45,8,15,5.0
8/26/15,22,56,2,45,32,12,5.0
2/15/03,29,1,42,38,26,30,2.0
8/30/14,5,52,28,59,31,27,2.0
9/22/99,8,33,38,35,47,8,
4/29/06,19,40,35,30,41,14,5.0
6/26/13,1,46,39,33,18,33,
7/9/11,31,9,23,1,11,6,3.0
12/16/15,9,42,10,55,32,6,2.0
1/29/05,41,29,20,16,11,12,5.0
5/2/09,45,20,38,42,3,27,3.0
2/2/00,16,6,10,12,29,33,
12/17/16,16,40,8,48,1,10,2.0
7/2/03,26,17,24,45,16,36,5.0
8/23/06,17,8,51,24,38,31,5.0
10/29/08,37,50,20,30,52,33,2.0
8/7/10,52,26,31,22,4,30,5.0
3/23/05,29,23,40,45,37,38,5.0
2/2/11,33,57,53,3,14,36,4.0
6/4/05,16,44,7,38,48,18,4.0
12/2/00,22,14,38,41,11,39,
7/30/05,14,38,35,8,46,24,5.0
9/11/10,36,20,59,17,7,33,4.0
10/1/16,12,64,50,61,2,1,2.0
1/27/07,10,26,19,32,27,14,5.0
8/30/06,35,3,19,43,33,1,4.0
12/27/97,14,48,15,36,9,17,
12/21/11,31,15,13,54,10,18,5.0
8/28/13,32,19,7,9,6,13,
6/11/08,7,49,18,28,21,1,5.0
5/18/13,22,10,13,14,52,11,
3/15/06,36,48,54,7,12,37,5.0
1/23/08,48,47,35,4,16,39,3.0
3/26/16,23,42,68,52,11,6,3.0
9/20/03,13,33,11,31,28,29,4.0
2/20/02,19,8,9,25,22,11,5.0
8/29/98,13,18,14,29,31,23,
9/8/99,8,43,22,39,15,22,
7/1/15,24,41,31,26,7,25,2.0
2/1/06,13,30,55,11,35,37,4.0
6/27/09,48,39,26,18,22,17,4.0
7/1/98,3,17,29,35,47,34,
2/7/15,34,58,5,21,10,33,5.0
9/6/14,29,43,31,50,9,18,2.0
5/22/02,20,5,22,34,23,19,1.0
1/10/15,19,9,29,2,28,19,5.0
5/9/09,49,32,4,15,58,21,3.0
8/8/15,34,48,54,52,9,15,4.0
10/15/05,34,1,7,8,45,15,3.0
11/19/03,36,42,26,16,47,33,4.0
1/18/17,41,9,58,40,53,12,2.0
9/14/16,10,31,23,28,11,14,2.0
4/18/07,13,10,24,12,6,19,3.0
12/21/16,25,68,40,54,33,3,5.0
3/4/09,6,1,44,55,49,36,2.0
12/17/14,47,31,48,38,22,15,3.0
12/7/05,45,30,54,41,19,14,5.0
9/27/06,49,23,33,35,28,16,3.0
9/21/16,63,67,1,69,28,17,4.0
8/6/03,48,11,14,26,31,30,2.0
3/1/08,31,21,19,2,55,19,4.0
3/27/13,43,48,7,37,52,16,
1/11/03,9,46,48,45,51,2,5.0
8/19/00,17,36,23,10,13,23,
2/23/08,23,29,8,13,47,32,3.0
5/7/05,47,44,23,21,39,19,2.0
2/19/05,12,15,18,52,27,36,3.0
6/4/16,20,16,43,64,22,17,2.0
12/14/13,33,41,25,14,32,34,
9/23/00,35,1,17,36,27,31,
8/24/11,49,53,13,9,47,39,5.0
5/20/15,12,1,44,28,35,25,3.0
10/2/13,6,51,42,4,25,17,
1/25/12,28,19,29,47,4,5,
10/13/01,37,40,41,46,48,20,2.0
11/17/12,15,59,27,58,3,20,
7/2/14,58,18,53,8,45,35,2.0
5/18/16,25,67,39,23,54,11,3.0
3/29/08,18,36,31,25,20,7,5.0
2/18/09,44,15,56,39,2,15,3.0
12/18/02,52,50,14,33,2,22,5.0
10/2/04,32,35,29,13,2,4,4.0
9/18/13,7,10,35,32,22,19,
3/29/00,40,12,32,37,49,37,
2/4/98,30,25,12,8,21,20,
9/18/04,14,36,31,2,27,9,4.0
12/27/00,24,15,32,22,39,18,
10/14/00,16,22,18,41,14,37,
9/10/03,3,33,30,17,29,34,5.0
2/6/10,22,54,52,14,59,4,3.0
1/5/11,40,22,32,26,38,7,5.0
7/2/05,29,9,10,52,39,20,4.0
6/27/01,7,13,16,3,35,22,3.0
5/12/10,52,58,53,37,51,38,2.0
10/10/15,27,68,12,43,29,1,2.0
2/10/07,41,11,16,42,2,16,3.0
3/28/01,27,43,31,12,4,20,5.0
5/11/05,46,49,5,48,25,6,5.0
1/28/17,39,12,49,69,20,17,2.0
6/5/02,18,1,21,36,47,33,2.0
6/23/12,44,1,53,3,41,30,
11/9/11,58,59,35,5,57,12,3.0
12/30/15,12,61,54,38,36,22,3.0
12/31/03,5,7,28,18,35,1,3.0
8/1/15,13,7,49,24,57,15,3.0
2/29/12,26,1,11,4,23,14,
4/11/12,44,42,16,47,23,2,
9/24/11,27,12,3,4,44,26,5.0
10/16/10,28,16,12,11,15,11,2.0
3/8/00,36,17,14,11,25,38,
5/28/08,18,45,22,10,37,9,2.0
5/28/16,6,34,33,59,58,12,2.0
12/24/11,52,51,16,14,30,19,2.0
12/31/97,27,14,6,4,5,6,
11/16/16,28,61,63,41,65,7,2.0
9/2/09,23,47,36,18,59,36,4.0
8/1/07,16,52,9,23,51,12,5.0
2/1/17,9,60,64,43,57,10,2.0
5/3/08,28,2,36,46,42,40,3.0
5/12/04,42,45,11,31,35,35,4.0
11/29/97,11,27,13,2,31,23,
4/4/07,39,19,53,30,40,16,5.0
5/4/11,15,41,29,27,3,24,4.0
1/12/11,48,23,40,21,19,27,4.0
6/4/08,18,5,52,40,20,3,3.0
1/24/01,39,49,31,34,42,26,
10/11/03,11,32,45,14,21,21,2.0
4/12/14,26,45,14,55,54,20,2.0
12/13/14,5,13,43,55,28,33,3.0
3/11/00,23,11,31,2,28,39,
6/9/01,37,23,42,43,20,27,3.0
1/7/06,2,21,43,32,16,6,4.0
4/15/09,59,22,26,16,27,5,2.0
9/9/00,18,42,14,29,20,2,
4/22/06,4,6,27,5,18,24,5.0
8/7/99,42,49,45,1,44,1,
1/9/99,27,5,10,11,32,13,
6/6/01,10,40,45,20,21,22,1.0
5/15/02,30,33,37,36,49,35,5.0
4/25/12,29,43,25,4,34,29,
7/29/98,39,8,43,45,49,13,
12/9/06,52,22,19,34,30,40,4.0
11/1/03,34,19,37,47,16,18,5.0
9/27/08,40,24,13,29,52,29,4.0
3/26/05,35,12,9,51,41,36,5.0
7/6/13,52,2,36,35,13,11,
5/9/98,8,49,34,29,26,28,
4/11/98,49,48,5,36,15,11,
10/10/01,8,16,1,7,19,37,5.0
7/11/15,46,39,52,11,54,3,2.0
7/16/05,50,33,32,41,8,22,5.0
8/20/05,27,13,28,29,49,36,4.0
3/18/98,4,41,39,2,33,26,
5/6/98,20,47,45,44,11,5,
6/28/03,44,14,7,41,9,25,4.0
2/8/17,49,20,42,14,66,5,2.0
6/9/07,10,7,32,25,41,22,2.0
2/1/03,11,2,39,21,16,42,5.0
4/30/05,8,48,32,15,17,24,4.0
3/6/13,45,10,6,23,41,1,
2/5/11,15,41,59,37,56,5,5.0
8/29/15,25,18,29,21,28,16,2.0
7/21/10,16,58,22,30,51,25,3.0
10/1/11,27,43,12,23,1,31,3.0
7/2/11,11,29,1,51,18,32,3.0
2/16/02,31,42,19,45,32,6,5.0
8/21/99,17,45,28,42,2,20,
5/11/11,43,32,9,45,17,31,3.0
4/30/08,25,51,43,17,1,38,3.0
4/21/01,24,38,5,25,30,40,2.0
4/1/15,44,39,30,33,2,1,3.0
2/20/99,16,39,24,6,15,12,
11/3/99,7,3,8,1,26,7,
7/23/11,38,1,48,27,7,30,3.0
2/6/99,25,48,39,15,32,32,
12/6/06,38,36,35,7,34,14,4.0
10/23/04,49,50,15,52,24,40,5.0
11/3/04,48,43,45,11,35,42,4.0
1/10/04,13,2,27,19,50,5,5.0
9/7/13,2,22,19,45,26,24,
3/17/10,55,26,48,45,24,8,2.0
10/29/03,22,34,19,8,53,29,3.0
8/22/98,21,22,11,7,49,19,
10/5/05,25,30,45,2,15,17,5.0
4/14/10,14,6,32,52,38,20,3.0
12/6/03,24,45,21,41,37,39,5.0
12/11/99,47,10,6,31,48,29,
8/5/15,42,14,9,16,11,19,2.0
1/4/17,17,16,42,41,29,4,3.0
1/14/98,16,9,6,28,38,13,
12/11/04,16,53,41,7,6,23,5.0
10/13/07,21,34,36,30,49,42,3.0
9/13/00,21,2,22,47,13,31,
10/27/01,17,28,10,1,45,20,5.0
2/15/14,9,23,2,14,21,3,3.0
5/3/06,38,19,6,42,4,37,2.0
4/26/06,55,26,48,24,12,14,4.0
11/24/07,7,1,23,35,13,19,5.0
2/7/09,18,53,5,28,20,27,2.0
12/18/99,43,3,2,25,15,25,
1/1/11,37,47,18,22,54,36,2.0
5/6/15,24,41,39,23,27,30,5.0
5/20/09,23,30,42,35,31,6,2.0
10/28/15,56,62,54,63,4,10,2.0
1/14/04,44,33,12,50,40,40,5.0
10/5/02,22,14,39,43,19,12,2.0
2/15/12,12,11,32,56,52,11,
4/9/05,46,11,1,35,53,29,3.0
6/5/10,18,34,40,59,48,25,4.0
12/28/13,56,51,35,44,8,18,
1/7/09,31,52,23,33,38,24,5.0
12/30/00,46,38,29,23,26,35,
5/2/01,42,2,36,19,30,19,2.0
7/28/04,40,4,39,19,50,22,3.0
4/16/11,21,55,33,45,44,7,5.0
10/17/09,16,5,49,30,25,39,5.0
12/1/99,32,14,47,20,3,2,
5/26/01,9,10,40,24,21,36,4.0
6/12/10,38,13,12,9,35,30,10.0
8/16/00,44,16,15,47,27,14,
9/23/98,1,21,42,22,5,18,
10/17/98,44,48,47,32,28,27,
7/15/15,45,34,13,50,16,11,2.0
9/26/98,25,24,5,3,2,8,
10/21/98,24,27,22,44,39,25,
10/25/03,6,17,48,45,47,4,3.0
9/8/04,28,4,2,33,52,18,3.0
11/10/12,55,32,50,54,42,32,
3/23/16,22,15,49,5,8,25,3.0
9/17/08,12,26,32,23,44,20,3.0
3/12/11,4,41,1,12,47,3,4.0
5/3/03,14,40,39,47,21,6,5.0
10/13/04,17,45,46,5,14,41,4.0
11/3/12,54,4,7,9,30,25,
12/29/99,43,11,16,3,14,10,
3/2/02,6,25,46,22,36,34,4.0
10/3/09,50,57,24,12,48,22,3.0
5/27/00,30,29,2,44,22,36,
2/20/13,25,3,32,17,19,17,
7/12/08,20,50,12,2,22,17,2.0
4/22/00,48,3,9,5,42,35,
12/31/16,1,28,3,67,57,9,2.0
5/25/11,50,4,31,42,23,23,2.0
8/15/12,56,27,46,6,51,21,
4/19/14,35,6,51,5,29,21,5.0
1/16/99,2,40,28,15,20,15,
4/10/13,40,1,52,36,53,20,
7/29/15,4,52,22,27,28,35,3.0
6/4/11,17,58,39,19,41,21,5.0
10/8/05,26,31,35,50,46,28,5.0
7/18/01,9,4,31,26,49,2,2.0
8/17/11,31,28,48,18,52,37,4.0
7/25/09,33,5,52,46,17,9,5.0
8/11/99,5,7,43,12,10,7,
10/31/98,17,42,33,37,34,8,
6/1/02,17,27,2,6,19,2,3.0
11/11/06,40,49,38,35,55,41,2.0
7/4/12,35,19,14,39,56,33,
5/14/11,40,18,17,8,44,16,2.0
6/29/11,30,24,57,59,45,26,3.0
9/14/11,16,50,42,59,41,5,3.0
5/25/13,27,21,19,6,2,25,
3/19/14,34,23,43,19,2,14,2.0
8/2/06,24,19,10,16,13,15,4.0
7/4/15,24,18,6,3,14,21,3.0
5/7/08,42,26,25,28,9,26,2.0
6/21/00,43,1,28,27,24,25,
2/17/01,31,39,22,41,4,6,
5/7/11,11,55,47,2,27,15,4.0
4/2/03,47,17,50,12,35,13,4.0
5/16/07,42,7,16,6,34,23,2.0
4/7/01,37,20,41,31,18,1,4.0
1/7/12,3,24,38,21,39,24,5.0
3/24/04,39,47,43,20,18,31,5.0
4/12/06,34,41,26,35,16,24,4.0
5/19/04,31,14,41,37,15,31,5.0
2/26/03,34,27,23,31,10,11,2.0
4/26/03,36,11,13,5,22,31,4.0
11/27/04,16,35,47,36,28,31,2.0
7/11/98,10,12,1,6,38,17,
10/3/98,5,25,32,14,22,4,
9/6/08,26,54,49,25,17,11,4.0
6/29/13,28,8,56,53,30,16,
4/13/05,37,51,6,13,52,25,5.0
7/23/16,39,5,35,7,23,11,2.0
11/24/12,22,32,37,44,50,34,
1/20/01,36,25,11,1,29,40,
1/24/09,6,37,42,20,25,25,2.0
1/30/10,26,35,48,47,6,21,3.0
9/11/02,6,3,39,26,48,28,3.0
10/24/15,20,31,56,64,60,2,3.0
9/25/13,49,7,17,53,2,23,
1/18/12,50,34,29,6,44,28,
12/21/13,36,51,45,25,40,8,
9/5/12,42,4,26,51,19,29,
7/25/98,23,14,3,21,17,16,
11/21/15,37,57,47,50,52,21,3.0
4/9/08,46,13,32,3,19,18,4.0
4/23/14,29,48,36,19,25,12,4.0
10/14/06,26,15,1,17,40,19,2.0
11/23/16,7,61,41,47,32,3,2.0
9/26/12,41,26,42,13,39,10,
8/21/04,40,27,39,16,3,3,5.0
7/23/03,51,37,34,16,4,38,5.0
11/15/03,20,8,22,32,52,39,5.0
7/21/99,26,13,31,4,29,3,
8/18/07,15,12,31,28,50,12,5.0
7/3/02,7,19,38,48,49,10,5.0
9/24/05,2,10,43,55,31,14,5.0
3/7/98,32,36,42,30,21,33,
2/19/00,45,24,14,23,48,21,
1/27/10,15,26,31,6,20,9,5.0
11/5/11,43,39,2,33,40,26,3.0
1/26/11,4,47,58,5,36,6,3.0
9/19/07,26,25,20,46,45,15,3.0
10/27/12,34,56,36,32,22,33,
9/24/03,28,47,19,20,17,37,4.0
3/21/15,30,38,16,11,42,7,4.0
1/2/08,31,34,48,11,2,5,4.0
8/18/01,22,14,3,20,48,17,1.0
9/11/13,19,33,42,52,11,33,
11/27/99,16,24,38,28,3,28,
7/18/07,9,42,14,40,3,3,4.0
9/3/05,30,3,31,1,43,36,4.0
9/13/06,15,47,19,45,26,3,4.0
7/14/04,9,49,24,45,50,37,3.0
8/24/05,35,9,26,11,51,32,5.0
9/1/99,9,37,39,36,32,14,
7/29/09,38,2,43,5,59,8,2.0
3/17/99,9,15,31,40,37,9,
1/22/05,33,32,34,11,23,38,4.0
5/2/98,49,3,37,19,14,4,
8/27/16,48,32,63,4,49,20,2.0
2/14/01,41,29,5,42,18,16,
8/14/10,58,50,36,9,33,31,2.0
4/7/10,36,52,44,4,40,33,2.0
11/13/10,30,51,17,48,54,29,5.0
5/5/07,29,21,13,40,50,6,2.0
11/15/06,11,28,43,30,34,29,3.0
7/5/03,17,49,5,25,37,21,2.0
9/21/11,47,52,55,48,12,13,4.0
12/7/11,39,20,14,40,3,37,2.0
3/2/13,56,13,8,41,3,16,
12/13/03,17,25,44,19,26,19,3.0
9/22/07,4,9,18,55,43,3,3.0
12/10/14,48,34,55,44,54,10,2.0
2/18/17,9,3,33,7,31,20,3.0
3/12/03,24,44,52,25,5,20,3.0
8/20/03,35,22,46,48,8,15,5.0
10/3/01,23,35,20,2,49,25,5.0
2/17/99,36,25,21,22,10,39,
11/3/01,14,37,6,49,36,20,3.0
8/10/11,46,41,36,18,11,38,4.0
8/8/01,37,25,41,10,2,2,2.0
11/21/98,15,14,21,1,35,10,
6/25/16,36,3,56,69,27,25,2.0
2/22/12,17,39,16,7,51,32,
9/7/02,24,12,19,34,6,18,5.0
10/26/16,48,56,2,16,3,24,2.0
8/27/08,13,49,31,48,36,11,2.0
5/30/09,51,42,1,59,23,20,5.0
8/26/09,43,23,1,21,30,11,3.0
12/25/10,52,50,1,38,17,24,2.0
12/8/01,35,17,48,31,26,35,2.0
11/11/00,21,38,12,4,46,37,
12/27/08,12,43,15,31,26,10,5.0
9/11/99,37,4,32,42,33,25,
8/28/10,32,56,4,27,22,13,4.0
5/23/12,59,7,53,26,4,32,
6/28/06,45,51,8,16,2,32,5.0
3/19/11,11,20,46,27,3,8,2.0
11/9/13,37,56,3,49,9,32,
7/15/09,26,50,57,52,51,37,5.0
5/27/15,8,15,59,34,53,23,2.0
5/22/10,20,19,47,57,40,29,2.0
4/9/03,38,51,6,28,35,41,2.0
3/9/02,2,49,12,38,44,19,3.0
10/12/16,34,44,30,16,37,16,2.0
6/9/10,22,49,27,14,32,5,4.0
6/30/10,38,43,6,48,47,27,5.0
1/28/12,41,54,59,33,5,13,
9/28/16,30,53,62,38,52,1,3.0
5/23/07,38,24,3,11,36,6,4.0
10/22/03,53,27,25,3,28,35,5.0
10/7/06,4,31,45,3,8,12,5.0
2/11/06,38,7,51,40,52,14,4.0
5/21/05,7,30,5,10,2,23,2.0
9/16/09,17,56,37,40,51,25,2.0
9/15/99,37,12,1,42,48,31,
11/28/15,47,2,66,67,6,2,3.0
8/26/00,40,43,27,22,16,5,
11/13/02,50,18,23,38,31,20,5.0
2/10/10,29,8,37,38,5,34,5.0
7/26/00,3,37,20,22,44,36,
5/9/12,56,7,1,11,55,1,
1/30/02,7,21,15,9,40,18,2.0
6/18/03,19,45,21,20,46,20,4.0
7/4/07,17,49,15,1,2,35,5.0
6/30/01,33,3,6,34,39,15,2.0
8/13/14,37,8,40,52,39,24,2.0
1/14/06,49,14,6,46,40,17,5.0
9/1/10,40,20,21,17,51,19,3.0
9/15/12,43,26,3,20,48,1,
3/1/03,28,7,6,27,41,3,5.0
3/9/13,46,52,37,10,40,12,
6/21/14,41,6,54,5,37,26,3.0
11/20/99,5,6,18,44,42,3,
1/19/08,28,20,23,25,27,2,5.0
10/26/02,33,14,12,39,27,41,3.0
5/31/06,49,22,20,43,10,3,5.0
1/16/16,61,52,51,64,3,6,2.0
3/3/01,44,36,23,9,8,15,
4/23/08,22,39,21,20,11,1,10.0
1/14/09,46,34,25,8,39,34,5.0
10/6/12,36,59,26,15,34,35,
10/11/14,37,39,38,19,10,28,2.0
2/25/12,54,11,6,42,53,7,
4/1/06,55,10,50,1,23,29,3.0
1/28/15,49,24,12,36,35,1,5.0
10/30/13,54,2,49,36,40,10,
10/1/14,20,1,45,18,4,7,2.0
2/16/05,48,21,41,27,25,25,5.0
12/10/03,40,4,17,26,37,15,4.0
9/4/04,46,15,26,25,13,28,2.0
2/9/08,24,4,23,43,30,28,5.0
2/10/16,2,62,40,50,3,5,2.0
3/2/05,48,18,46,3,10,8,5.0
7/19/06,44,50,2,38,32,21,4.0
7/3/13,40,6,51,29,3,4,
11/5/97,2,19,35,24,28,26,
2/11/17,37,64,17,9,5,2,2.0
1/8/05,11,22,24,9,43,2,4.0
10/21/15,57,32,30,42,56,11,4.0
5/30/15,57,25,8,56,9,22,2.0
11/15/97,32,7,45,21,26,8,
6/18/11,22,38,21,12,41,18,2.0
6/20/01,5,9,49,18,14,32,1.0
1/15/11,22,13,9,37,23,31,3.0
11/4/00,34,5,22,42,9,2,
8/20/11,23,2,47,28,17,36,2.0
4/30/16,32,16,3,34,12,14,3.0
1/12/02,13,41,19,22,47,5,3.0
3/12/14,28,54,14,15,37,10,2.0
8/15/15,3,17,13,52,42,24,4.0
7/28/99,22,25,31,23,32,25,
7/30/14,49,13,30,53,42,29,3.0
11/28/01,48,24,5,15,18,16,2.0
12/30/98,38,34,46,20,10,3,
2/23/00,32,12,20,16,26,35,
12/10/11,33,41,4,19,59,9,5.0
8/5/06,48,50,3,9,2,23,2.0
4/30/11,41,15,6,13,32,3,2.0
12/5/15,47,33,68,27,13,13,2.0
11/26/11,55,20,37,45,39,28,2.0
7/15/98,16,21,36,23,11,37,
4/2/05,11,9,5,17,46,39,5.0
6/13/98,21,23,6,8,3,11,
9/25/04,41,11,40,48,25,3,5.0
3/7/09,59,27,56,28,21,21,2.0
1/13/99,31,15,33,47,43,6,
12/25/99,19,39,29,6,44,28,
11/30/02,19,1,4,21,29,8,2.0
2/22/03,10,2,9,6,5,26,2.0
4/18/01,6,18,11,20,44,39,3.0
4/18/09,7,28,44,43,15,20,3.0
1/31/07,48,42,2,25,15,14,4.0
2/4/15,51,52,36,24,56,22,2.0
11/13/13,31,5,55,50,56,9,
1/26/05,5,32,48,47,43,33,2.0
3/25/15,54,23,19,7,50,14,2.0
5/26/99,36,26,34,29,37,24,
6/26/99,22,15,38,47,8,26,
10/3/07,2,4,15,28,14,23,4.0
5/31/03,46,26,52,10,30,35,3.0
10/15/14,5,7,28,27,19,20,2.0
8/8/12,7,15,3,11,28,12,
11/5/08,18,33,36,4,8,32,2.0
8/10/02,11,16,21,35,27,31,5.0
9/10/08,37,28,15,53,14,18,2.0
4/8/09,52,56,1,6,48,9,5.0
9/25/02,49,36,23,12,1,9,2.0
12/26/01,19,39,23,41,8,21,3.0
6/5/99,49,8,37,2,16,11,
4/17/13,58,18,48,13,36,28,
11/7/98,5,33,10,13,30,28,
2/7/07,22,4,28,37,52,10,3.0
11/28/98,11,4,43,6,2,9,
6/7/06,20,10,4,26,40,8,5.0
4/17/10,22,41,49,21,5,15,5.0
2/25/09,32,49,42,56,17,11,4.0
3/24/99,19,20,27,7,26,12,
4/18/15,31,22,13,23,29,17,3.0
1/12/08,47,53,43,23,39,14,3.0
11/6/04,18,22,33,40,38,19,3.0
9/26/15,23,57,42,31,50,5,3.0
9/27/00,24,47,44,32,42,15,
10/27/10,25,24,20,59,53,15,5.0
10/31/15,9,47,20,25,68,7,2.0
5/8/13,21,57,26,22,30,27,
9/28/13,47,53,14,52,54,5,
2/4/04,17,7,32,25,12,33,2.0
1/1/14,52,48,15,24,40,23,
10/11/06,38,10,35,5,12,9,4.0
7/11/12,5,36,49,55,22,23,
1/24/98,7,23,15,28,36,10,
10/10/07,31,54,33,16,12,5,4.0
3/31/07,36,5,2,16,40,36,2.0
5/26/07,21,5,46,1,51,29,4.0
12/21/02,39,34,52,5,22,30,5.0
6/18/08,52,9,31,39,12,32,4.0
2/21/09,31,46,13,45,41,21,4.0
7/26/14,38,39,28,24,30,16,2.0
2/23/13,41,31,39,2,5,29,
5/21/14,20,34,58,4,39,31,5.0
3/6/99,25,42,19,13,20,13,
8/1/01,39,26,24,34,25,31,4.0
2/16/13,58,16,15,46,50,29,
2/28/15,25,28,11,17,46,12,2.0
2/20/16,54,12,11,16,15,25,5.0
4/29/00,12,14,35,26,36,37,
9/1/12,8,44,21,11,49,22,
10/25/00,45,5,46,3,20,37,
1/12/00,32,9,44,38,41,27,
10/29/16,42,48,20,21,19,23,3.0
8/22/12,47,31,22,29,55,19,
3/21/12,32,43,53,55,56,6,
4/1/00,4,3,29,38,13,21,
9/15/01,33,43,28,49,19,23,3.0
1/27/99,20,23,4,44,2,22,
1/24/04,1,38,37,5,53,31,3.0
7/18/15,39,6,37,45,55,33,3.0
6/7/03,27,17,11,40,26,6,3.0
3/30/13,23,46,11,26,55,27,
7/16/08,3,23,15,42,29,17,4.0
9/29/04,35,16,37,28,33,17,3.0
12/6/97,15,26,28,8,43,36,
8/24/13,45,17,59,12,25,19,
1/13/01,42,19,23,14,29,26,
8/16/03,15,20,42,37,13,7,5.0
2/6/02,28,10,34,24,35,32,3.0
9/24/14,7,14,24,41,21,26,4.0
8/26/06,26,24,42,38,46,16,5.0
6/11/16,36,58,27,41,20,7,2.0
3/16/16,46,50,12,13,10,21,3.0
5/16/98,22,1,41,28,23,18,
9/19/09,25,24,49,30,5,23,3.0
11/21/12,24,30,8,18,39,26,
5/15/13,2,34,11,41,26,32,
7/4/98,39,25,38,15,30,42,
9/16/98,40,35,6,24,42,2,
4/22/98,13,4,49,29,31,4,
6/9/04,31,50,37,1,33,40,2.0
3/10/99,34,26,49,14,1,15,
7/28/10,1,11,20,27,25,2,5.0
6/1/13,33,53,59,22,28,14,
9/18/02,44,42,6,27,32,10,5.0
10/30/99,26,41,33,37,10,21,
11/14/12,44,10,58,8,30,13,
11/29/03,39,14,43,51,36,15,5.0
8/1/12,58,3,56,48,16,4,
5/19/07,26,19,45,21,3,2,2.0
9/17/03,32,2,19,34,24,2,5.0
4/20/13,6,39,8,30,48,20,
11/18/06,42,36,19,1,8,20,2.0
2/9/00,40,36,49,5,29,30,
5/1/02,48,3,26,32,45,6,5.0
12/6/00,20,15,45,7,23,17,
9/28/02,24,22,12,35,31,8,3.0
11/5/16,31,50,69,21,51,8,3.0
1/14/17,55,69,23,64,59,13,5.0
7/14/99,25,32,6,29,1,9,
3/18/09,16,29,26,45,41,1,2.0
1/17/15,15,27,23,36,16,9,2.0
6/20/98,49,27,26,31,9,4,
8/1/09,53,37,46,39,5,8,4.0
11/19/16,24,61,43,16,28,21,2.0
10/1/05,18,54,38,8,45,23,5.0
4/25/98,35,5,38,7,20,19,
2/8/06,48,32,25,14,54,10,5.0
5/18/02,25,2,32,31,18,1,2.0
3/12/16,28,11,50,57,62,23,2.0
8/1/98,4,25,20,44,1,5,
6/2/10,39,14,43,9,4,38,4.0
4/6/02,22,16,30,15,35,20,5.0
12/10/97,18,21,28,41,4,3,
7/24/02,16,19,34,37,22,20,4.0
9/25/99,33,41,36,32,15,7,
5/10/06,4,3,11,44,37,24,3.0
12/3/16,27,26,33,8,10,22,2.0
5/17/00,17,20,49,16,28,34,
2/26/05,33,22,49,30,8,6,5.0
2/3/01,29,27,44,21,41,9,
8/29/09,1,53,20,37,52,33,3.0
3/11/09,13,7,47,3,34,30,5.0
6/17/09,53,9,37,5,42,27,5.0
6/11/14,14,25,33,18,49,23,5.0
11/20/13,32,4,45,23,18,7,
4/23/05,15,8,50,9,13,9,3.0
8/14/04,4,10,43,18,11,41,3.0
2/17/07,35,1,15,37,45,32,3.0
12/19/01,35,43,36,20,26,23,4.0
1/11/12,47,5,29,45,19,25,2.0
8/23/08,47,33,18,48,24,23,3.0
10/23/99,32,15,12,37,27,11,
4/21/04,11,8,51,42,34,27,4.0
3/15/17,30,16,41,48,53,16,3.0
5/10/03,1,2,6,20,10,38,4.0
7/15/06,36,20,47,50,35,5,4.0
12/31/08,11,53,8,7,17,36,5.0
7/29/00,38,24,26,11,41,7,
4/17/02,2,23,36,3,22,22,2.0
5/29/99,43,36,35,5,45,19,
7/8/09,50,56,42,53,19,39,2.0
12/8/99,34,13,44,40,47,24,
3/20/10,9,36,44,45,39,9,2.0
11/10/04,14,43,45,21,29,26,2.0
3/23/11,15,28,5,26,32,9,2.0
11/24/01,27,37,42,12,10,30,5.0
9/22/12,40,42,18,16,2,33,
10/3/15,33,6,46,44,26,4,2.0
3/21/09,49,27,23,52,19,21,4.0
6/9/99,32,35,7,48,38,17,
7/23/14,22,12,4,31,10,3,5.0
11/20/04,45,50,48,4,29,1,2.0
6/8/16,37,69,12,25,60,20,3.0
3/20/04,44,14,24,27,2,6,5.0
3/1/17,16,10,52,40,55,17,10.0
8/17/16,44,49,33,50,52,8,3.0
1/16/13,51,21,32,28,9,35,
4/5/06,29,39,9,24,3,42,2.0
1/14/15,10,4,53,2,41,22,5.0
6/16/99,2,4,38,14,8,1,
1/25/03,10,15,51,12,49,21,5.0
4/4/15,41,33,39,54,40,28,3.0
12/1/01,48,46,41,6,38,37,2.0
3/26/11,10,4,11,33,19,27,4.0
3/3/12,47,30,29,49,45,35,
3/24/12,15,37,35,1,47,8,
8/18/04,35,40,42,33,31,40,2.0
8/12/98,10,42,33,2,45,2,
11/5/05,37,25,50,29,7,17,4.0
10/16/13,3,42,26,34,28,28,
10/4/00,24,16,48,34,3,3,
1/25/14,57,8,55,12,18,2,2.0
6/26/02,9,24,17,23,6,14,4.0
5/28/05,39,24,5,28,7,36,4.0
7/19/00,36,5,8,18,38,40,
3/22/06,45,38,23,22,18,31,2.0
2/25/04,4,47,17,11,5,35,5.0
6/8/11,53,37,14,44,45,29,5.0
12/29/10,18,37,20,16,3,30,2.0
5/17/03,18,42,13,5,50,4,2.0
7/27/13,58,53,40,23,9,6,
12/23/06,27,43,53,8,52,5,5.0
6/5/04,41,5,42,39,26,39,5.0
3/14/98,15,47,35,34,42,15,
6/15/16,33,4,24,31,22,10,2.0
12/13/08,40,14,28,26,31,13,2.0
10/27/04,40,51,44,11,17,21,5.0
6/13/09,20,41,13,35,16,6,4.0
7/5/14,34,58,24,36,57,11,4.0
9/29/07,38,55,33,31,49,39,3.0
11/16/13,29,37,59,10,44,10,
2/12/00,45,37,44,21,24,24,
10/2/10,30,12,36,20,47,25,4.0
3/13/10,16,36,20,6,31,8,5.0
10/23/02,18,30,2,14,31,36,5.0
4/6/16,65,28,49,60,4,25,2.0
11/1/08,40,4,41,6,26,15,4.0
1/23/02,14,47,32,18,30,36,5.0
10/3/12,55,23,17,59,36,10,
3/14/07,44,4,27,30,39,18,2.0
7/27/16,10,47,68,65,50,24,2.0
10/28/00,37,32,6,11,47,13,
12/22/12,18,44,35,39,1,11,
1/7/98,18,4,30,37,3,23,
6/1/11,56,38,46,8,18,31,4.0
2/12/14,52,49,36,57,44,1,2.0
12/8/04,17,13,50,35,45,2,2.0
6/27/12,58,34,6,46,40,6,
7/12/14,23,7,2,3,51,26,2.0
7/9/16,32,28,10,64,61,12,3.0
1/19/00,12,37,31,35,44,34,
10/13/10,46,34,32,22,12,2,4.0
4/19/08,24,13,19,39,33,8,3.0
8/8/09,45,37,50,33,4,11,4.0
4/20/16,62,30,12,25,52,8,3.0
3/6/04,49,46,17,51,9,9,5.0
9/5/98,26,49,10,16,8,40,
9/14/13,1,25,44,17,37,20,
6/6/98,24,42,26,16,28,24,
5/21/16,9,32,5,7,23,26,4.0
11/11/09,12,8,22,29,14,22,2.0
9/26/09,34,20,36,39,18,19,3.0
10/19/02,4,42,18,25,20,29,4.0
5/22/04,1,49,42,36,7,41,5.0
3/10/10,41,37,17,50,21,1,2.0
7/5/00,32,18,10,14,33,2,
7/4/09,22,4,41,44,9,14,3.0
7/7/07,47,21,41,15,27,20,3.0
6/24/06,39,8,47,11,30,23,3.0
6/7/08,26,44,34,12,48,9,2.0
1/17/98,28,9,49,38,29,6,
6/1/16,40,69,33,23,30,12,5.0
11/2/11,12,39,14,46,34,36,4.0
12/16/06,28,17,36,5,51,5,4.0
4/15/00,28,26,48,40,15,9,
7/22/15,31,12,57,44,43,11,2.0
10/31/12,45,31,1,48,27,5,
6/22/02,16,37,1,48,26,9,2.0
7/7/04,41,34,30,25,18,10,5.0
6/20/15,20,16,10,57,9,15,2.0
7/20/13,14,27,58,25,38,6,
7/28/07,19,24,47,27,15,11,5.0
9/3/16,39,59,7,67,50,25,3.0
7/2/16,63,39,59,34,10,4,2.0
11/8/97,40,17,21,7,49,37,
5/30/07,55,7,54,23,35,28,2.0
8/11/07,37,1,11,10,40,20,4.0
4/14/99,25,10,40,19,12,33,
4/28/04,27,34,52,49,42,23,2.0
3/5/16,3,34,27,59,69,19,2.0
10/25/14,54,57,51,6,10,12,2.0
2/1/12,8,13,59,17,34,35,
11/12/03,22,11,7,19,20,1,4.0
12/7/16,49,64,48,41,53,20,2.0
6/16/07,8,47,4,51,32,27,5.0
9/13/03,32,28,6,19,10,39,5.0
3/29/06,24,28,54,2,14,13,2.0
9/29/99,29,46,11,41,22,42,
10/28/09,51,46,26,3,11,23,5.0
5/6/06,38,12,32,23,25,27,2.0
4/2/14,19,22,13,53,8,24,2.0
5/19/10,7,58,55,29,2,27,3.0
1/31/01,27,15,21,47,37,16,
2/8/14,54,37,34,25,24,29,2.0
11/15/00,26,12,46,32,41,18,
5/1/10,23,25,16,49,58,20,4.0
8/20/08,15,24,47,35,16,26,2.0
9/10/14,14,39,2,40,43,13,5.0
2/13/10,14,10,40,51,30,1,4.0
1/4/14,19,58,37,20,41,14,
6/2/04,26,6,12,29,5,30,5.0
12/18/13,39,7,40,24,37,1,
6/24/98,27,18,16,30,13,23,
4/3/04,43,7,26,6,32,13,3.0
4/25/09,52,42,30,8,26,15,5.0
3/7/12,45,35,47,46,12,12,
12/5/01,14,9,8,13,21,37,3.0
4/27/05,42,11,32,13,18,4,5.0
1/25/06,52,37,50,43,10,14,5.0
5/24/06,3,12,47,51,2,10,3.0
11/26/05,34,28,53,37,45,32,5.0
3/11/15,24,44,31,11,40,27,2.0
11/4/15,12,2,17,20,65,17,4.0
8/12/06,14,54,27,18,13,32,5.0
5/28/03,17,6,16,19,38,16,5.0
2/7/98,40,12,15,5,27,14,
2/27/08,37,48,53,20,24,11,5.0
11/10/07,6,26,30,24,22,12,4.0
7/31/13,8,24,59,39,49,5,
9/20/14,23,22,30,39,37,16,4.0
10/8/03,6,25,7,8,1,18,5.0
2/2/05,16,44,40,10,11,2,5.0
10/12/02,23,49,46,52,26,28,5.0
1/7/15,47,49,59,15,14,10,2.0
6/25/14,50,53,10,20,25,35,4.0
8/25/07,23,29,35,8,2,19,3.0
11/17/10,14,59,54,53,16,5,3.0
9/3/11,15,52,25,53,54,2,5.0
8/19/98,8,23,43,15,46,29,
5/13/06,30,54,19,47,28,13,3.0
2/6/08,3,43,5,42,12,5,5.0
10/27/07,13,25,30,40,43,12,4.0
3/29/14,3,12,27,38,2,17,2.0
4/10/99,3,34,45,42,24,1,
11/28/09,46,50,27,28,26,21,3.0
3/20/99,20,41,4,40,22,7,
6/14/06,4,40,14,48,15,12,3.0
9/4/02,26,15,18,36,31,20,5.0
4/25/01,39,28,14,29,26,39,1.0
11/7/01,25,4,17,2,6,31,1.0
8/14/02,19,4,33,16,41,29,2.0
4/10/10,21,22,52,49,58,34,2.0
5/12/07,30,51,53,44,46,25,3.0
5/18/11,7,12,42,49,13,16,4.0
2/21/04,22,26,53,48,15,14,5.0
11/2/05,41,14,6,11,27,38,5.0
8/19/06,12,51,29,22,26,9,3.0
7/22/98,30,49,1,23,22,33,
11/26/16,21,17,37,44,19,16,2.0
11/11/15,26,4,32,55,64,18,3.0
12/20/06,6,26,14,1,34,34,5.0
10/22/08,17,52,10,33,51,5,3.0
9/19/01,31,28,21,41,26,29,5.0
3/5/03,37,28,44,2,24,6,2.0
1/16/02,24,34,31,47,40,30,2.0
12/31/14,40,27,17,53,37,35,2.0
10/24/07,10,52,11,49,18,2,4.0
6/20/09,28,22,3,11,18,33,2.0
1/30/16,16,5,12,31,43,18,4.0
1/17/09,9,5,59,23,2,26,2.0
3/27/04,30,17,2,15,34,32,2.0
4/24/13,9,59,31,56,19,2,
4/5/03,46,14,49,7,23,20,5.0
12/27/03,17,34,32,16,43,31,5.0
5/23/98,15,16,35,46,1,35,
7/13/13,8,37,2,35,22,6,
1/16/10,41,8,7,55,23,23,5.0
1/28/06,26,15,28,36,14,36,3.0
11/23/11,30,35,57,4,59,25,2.0
1/22/14,55,2,7,1,9,29,3.0
9/12/98,19,28,33,16,35,16,
11/14/15,66,37,22,14,45,5,3.0
7/20/02,13,3,2,26,6,10,1.0
2/2/13,41,33,16,40,11,34,
11/26/03,16,1,3,41,37,19,5.0
1/30/13,47,16,14,32,52,16,
11/9/05,5,49,14,13,31,30,2.0
5/16/01,28,20,44,13,12,17,5.0
8/6/11,57,59,54,25,30,6,3.0
2/8/12,38,51,17,28,39,33,
7/23/08,52,11,14,35,41,2,4.0
2/25/17,6,62,32,47,65,19,2.0
12/29/07,8,12,49,17,35,18,4.0
11/20/02,14,22,44,21,29,3,3.0
10/19/05,49,21,44,7,43,29,5.0
7/30/16,32,21,17,23,11,5,2.0
5/23/09,52,19,57,34,23,21,5.0
7/31/04,47,31,14,35,45,35,3.0
11/9/16,28,31,54,25,1,2,2.0
5/23/01,34,21,49,32,19,38,2.0
5/11/02,3,36,15,16,40,22,1.0
3/30/11,58,56,20,19,42,37,4.0
9/18/99,2,46,26,34,8,30,
7/19/08,55,46,53,6,28,2,3.0
7/1/06,40,35,42,2,31,34,3.0
4/3/02,14,36,8,29,17,3,1.0
8/28/04,35,6,30,45,39,31,3.0
2/19/14,17,49,54,35,1,34,3.0
6/23/99,15,12,23,17,49,7,
6/12/13,22,16,42,23,55,32,
4/28/01,1,20,11,39,34,37,5.0
3/4/00,6,43,8,48,3,1,
2/25/06,51,3,48,46,37,22,4.0
7/16/16,11,50,40,17,62,26,2.0
11/7/12,32,45,34,52,58,20,
7/23/05,28,13,20,32,16,36,5.0
4/8/06,35,4,43,44,23,35,3.0
5/10/00,31,47,20,18,8,11,
2/9/13,58,36,16,6,5,3,
12/23/09,52,8,49,51,32,23,4.0
2/12/05,50,21,28,18,49,16,5.0
9/7/11,54,3,5,27,18,13,4.0
11/1/97,37,28,33,22,25,20,
12/25/04,39,29,32,53,45,16,3.0
5/24/00,7,47,19,43,46,4,
4/9/16,14,23,41,61,22,9,3.0
7/3/99,1,7,8,37,21,2,
8/13/16,44,38,64,69,60,6,2.0
2/20/10,13,54,41,37,27,32,2.0
2/7/01,7,6,33,31,4,20,
2/27/10,47,18,58,53,51,30,2.0
3/19/16,11,60,23,54,43,3,3.0
11/24/10,20,8,21,37,32,4,3.0
3/28/09,48,2,16,41,3,19,3.0
5/16/15,48,24,38,52,29,32,2.0
12/30/06,31,28,23,9,36,26,5.0
11/18/09,58,59,32,50,42,31,4.0
6/16/04,16,18,48,39,26,22,5.0
8/5/98,42,35,19,12,3,21,
2/18/04,50,36,24,4,44,2,4.0
5/25/02,29,9,42,33,30,27,4.0
1/12/05,50,21,27,38,23,38,5.0
6/19/13,57,47,46,52,7,17,
3/19/08,29,6,8,49,41,42,4.0
7/6/02,2,39,27,9,36,13,3.0
5/5/99,7,40,9,31,26,24,
10/24/01,27,6,15,42,24,32,5.0
9/5/09,35,27,16,9,57,29,3.0
4/7/04,7,37,2,35,16,10,5.0
10/18/00,17,42,21,43,28,25,
10/9/99,20,8,43,39,27,1,
1/8/00,28,7,35,40,48,14,
12/8/07,31,8,29,25,4,41,3.0
8/30/03,35,49,41,36,9,33,3.0
1/1/05,47,22,23,26,44,12,5.0
7/31/99,45,18,43,46,26,29,
8/2/08,5,28,33,2,54,30,5.0
4/23/11,58,11,3,48,47,19,3.0
9/12/07,47,5,24,26,33,1,4.0
6/12/99,28,26,35,45,17,20,
5/27/06,41,6,27,23,47,19,3.0
5/21/11,8,49,2,40,50,36,3.0
3/26/08,20,37,49,9,12,17,2.0
2/9/11,51,39,42,11,7,30,4.0
2/18/12,23,50,28,59,56,5,
5/14/03,34,52,45,20,33,21,5.0
10/12/13,10,58,26,57,8,4,
2/22/06,47,53,23,55,9,39,2.0
2/28/01,3,47,46,9,1,22,
12/5/98,31,19,9,27,20,39,
12/16/09,23,43,25,35,13,15,5.0
3/2/11,50,58,7,31,51,6,2.0
3/24/10,14,49,39,24,20,7,3.0
7/18/09,21,26,47,4,28,37,4.0
10/23/13,47,34,23,31,3,13,
2/22/14,13,2,54,14,3,4,5.0
6/6/07,45,14,48,5,9,28,4.0
9/16/00,19,47,1,40,49,14,
5/26/04,38,10,31,3,35,16,2.0
1/11/14,54,15,48,33,10,34,
12/3/14,54,30,32,46,25,26,3.0
3/23/02,39,2,10,48,1,13,1.0
12/26/07,55,32,8,54,41,20,3.0
8/22/15,12,14,21,4,55,7,4.0
10/17/07,46,15,42,19,14,37,4.0
10/11/00,32,44,45,26,41,35,
4/4/09,21,57,58,14,50,7,3.0
12/19/15,30,68,59,41,28,10,2.0
7/14/10,21,23,38,20,42,6,3.0
4/15/98,41,25,8,24,39,21,
10/14/15,20,15,31,40,29,1,2.0
4/24/99,3,48,45,1,35,18,
4/24/04,2,44,35,13,22,28,2.0
3/8/17,42,23,59,46,33,4,2.0
9/21/02,45,11,28,40,3,33,5.0
8/31/02,14,22,12,29,41,41,5.0
2/11/12,37,52,10,1,57,11,
10/25/08,48,1,3,38,14,2,2.0
3/15/00,19,44,15,38,14,20,
11/26/08,11,31,52,26,34,14,2.0
8/29/07,33,47,13,16,44,29,3.0
5/5/12,12,59,44,20,9,23,
12/25/02,53,14,5,16,29,7,4.0
3/24/01,2,28,37,40,49,22,5.0
12/12/98,29,40,16,12,26,32,
10/18/03,35,22,25,34,33,14,5.0
10/5/11,46,7,43,54,20,17,4.0
12/27/06,14,29,16,27,41,29,3.0
8/2/03,41,42,17,40,46,25,3.0
6/25/03,43,5,35,50,26,4,4.0
1/30/99,19,40,25,24,45,5,
10/4/14,13,33,18,24,25,31,2.0
1/20/07,1,38,5,26,32,30,5.0
9/2/00,5,26,22,14,20,35,
9/29/10,52,13,55,44,51,30,4.0
4/13/02,38,16,22,33,32,13,4.0
4/26/08,27,45,7,12,17,24,5.0
8/6/14,49,1,8,24,28,24,5.0
8/15/07,19,51,24,22,38,9,2.0
10/8/16,3,64,68,61,54,9,2.0
9/1/07,19,39,23,37,12,13,4.0
8/3/05,39,5,24,19,28,24,5.0
8/13/05,2,37,43,18,1,37,4.0
7/11/01,16,24,26,10,18,13,5.0
6/20/12,17,11,29,56,57,14,
3/7/01,32,9,23,45,40,31,5.0
9/15/04,28,17,1,50,8,20,4.0
7/17/04,23,45,50,20,36,9,3.0
9/24/16,15,7,29,41,20,22,2.0
8/25/12,7,20,6,1,49,23,
4/10/04,2,48,30,9,47,40,2.0
7/8/00,10,2,39,34,7,12,
7/19/14,10,53,17,25,45,9,2.0
5/13/00,38,1,42,27,3,24,
1/5/08,33,11,16,4,40,9,4.0
5/19/12,46,13,8,51,35,30,
5/8/02,11,6,34,25,28,35,3.0
12/4/13,9,6,11,44,31,25,
11/25/15,53,16,69,58,29,21,2.0
6/10/15,49,32,31,53,48,25,2.0
2/28/98,49,26,4,45,41,6,
3/1/06,25,10,35,41,38,23,5.0
4/14/01,3,16,30,8,29,4,2.0
5/6/09,12,7,22,31,8,18,5.0
7/11/07,43,42,20,29,8,35,5.0
5/18/05,17,7,20,13,35,35,5.0
11/7/09,32,37,46,50,7,26,5.0
12/2/09,37,46,14,34,55,37,4.0
8/5/00,32,38,28,13,33,14,
6/15/05,39,20,22,14,44,14,5.0
1/31/09,33,26,14,41,1,37,4.0
6/11/05,3,46,10,24,14,37,3.0
6/17/98,36,35,7,37,14,10,
11/10/10,5,8,44,40,11,10,4.0
11/21/01,31,28,38,41,27,13,1.0
6/6/09,45,10,23,30,18,2,3.0
1/19/02,21,35,49,41,23,5,2.0
6/13/01,41,9,32,36,34,14,2.0
12/23/15,67,16,63,38,55,25,4.0
4/8/00,33,4,48,12,9,18,
9/13/08,29,17,7,51,43,38,2.0
3/10/04,10,41,22,20,49,6,5.0
4/10/02,29,17,12,7,48,21,3.0
6/11/11,50,16,18,36,27,8,3.0
5/2/15,2,31,6,11,30,33,3.0
4/14/12,15,16,19,14,24,2,
12/17/08,11,7,30,24,18,26,4.0
1/3/98,4,9,27,7,32,6,
9/9/06,20,47,3,22,19,2,2.0
5/27/98,46,27,15,33,2,27,
8/27/14,24,17,45,46,26,19,3.0
7/14/07,1,36,30,34,21,37,5.0
8/22/07,12,37,48,40,50,37,4.0
3/17/07,17,47,44,7,54,3,3.0
12/28/05,12,46,15,54,30,1,3.0
7/1/09,38,53,9,52,32,15,2.0
7/14/01,27,15,1,13,41,2,4.0
7/12/03,50,51,6,16,52,23,4.0
7/21/01,19,27,20,15,3,20,5.0
4/27/13,55,54,48,23,3,5,
1/18/03,34,4,52,48,17,10,4.0
12/30/09,5,52,14,38,39,6,3.0
2/10/01,46,16,41,38,47,25,
3/31/99,16,3,15,39,28,1,
3/21/07,53,38,24,54,16,5,5.0
12/10/16,32,21,12,44,66,15,2.0
8/14/99,6,39,5,45,1,14,
11/30/11,47,6,2,34,35,22,2.0
10/24/09,38,22,59,49,14,16,2.0
1/24/07,53,29,9,42,19,17,3.0
10/17/15,57,62,69,49,48,19,3.0
3/18/00,30,43,46,12,39,10,
11/30/13,26,5,45,44,57,29,
5/13/09,30,40,37,32,19,37,3.0
9/20/00,17,45,23,33,21,11,
6/23/10,48,11,45,30,47,10,3.0
5/3/00,5,48,41,34,13,7,
5/2/07,40,1,8,47,35,9,3.0
3/10/07,42,18,43,34,14,32,5.0
9/2/06,24,28,3,49,8,25,4.0
3/11/06,54,37,35,52,16,33,10.0
3/31/10,13,45,54,5,17,12,5.0
6/28/08,26,32,14,34,44,6,3.0
8/18/12,55,41,26,14,59,1,
5/7/03,13,35,18,51,34,28,5.0
8/20/14,21,40,8,38,4,3,2.0
9/8/10,10,57,51,35,39,20,5.0
9/12/09,13,28,56,41,38,25,2.0
7/6/11,55,50,24,11,15,8,2.0
10/6/99,7,6,38,42,15,42,
4/9/14,49,14,48,9,44,29,2.0
9/27/14,54,11,52,35,2,13,3.0
8/31/16,10,56,24,61,5,12,2.0
10/22/05,36,6,53,51,7,17,5.0
7/30/11,55,20,40,47,41,19,2.0
10/19/13,33,9,56,54,57,5,
11/27/10,47,37,30,54,10,39,5.0
1/28/04,17,13,8,39,48,34,4.0
6/8/13,2,26,11,32,22,19,
4/23/16,46,62,59,35,19,13,5.0
1/3/01,29,9,49,19,38,20,
7/12/00,9,10,48,6,26,10,
9/5/15,29,10,18,16,45,19,2.0
7/28/12,6,50,5,36,13,13,
10/1/03,50,5,4,21,19,41,2.0
8/4/01,16,26,46,24,20,9,3.0
12/22/01,27,33,14,24,34,6,3.0
10/4/08,39,4,32,1,26,18,5.0
9/30/06,30,32,15,39,6,5,5.0
8/18/99,8,5,26,41,9,19,
4/16/05,11,44,38,51,45,41,2.0
7/27/02,17,5,44,22,2,30,1.0
12/23/98,45,29,31,39,46,33,
6/21/03,27,15,19,44,36,17,5.0
1/3/07,12,55,24,35,10,31,3.0
3/28/12,50,58,16,29,11,33,
6/24/00,49,13,26,27,2,4,
4/16/03,39,50,41,25,4,31,5.0
7/13/02,22,49,42,3,37,8,3.0
12/22/99,43,23,42,13,11,18,
8/4/12,55,30,53,48,19,18,
8/22/01,2,36,39,30,28,10,3.0
12/26/98,17,27,29,7,41,33,
2/11/15,25,11,54,13,39,19,3.0
7/5/08,24,47,34,1,48,18,5.0
10/22/11,8,3,23,30,58,13,4.0
10/25/06,16,40,43,48,42,1,5.0
5/12/01,11,36,28,16,29,21,5.0
5/26/12,49,59,13,41,14,14,
4/14/04,38,22,1,20,6,22,3.0
7/29/06,14,39,55,19,26,29,4.0
9/17/14,36,18,25,50,48,23,2.0
3/30/16,55,24,63,53,44,19,2.0
7/6/05,12,25,48,2,30,38,4.0
12/4/02,35,13,20,21,40,35,4.0
5/21/03,41,32,30,4,35,9,2.0
3/20/02,4,20,30,49,25,37,5.0
9/3/08,49,38,40,46,50,34,2.0
11/4/06,44,13,34,12,39,5,5.0
10/29/11,11,40,16,51,56,38,5.0
2/3/99,39,42,26,20,30,32,
5/4/13,26,36,40,7,12,17,
7/27/11,40,51,59,41,38,33,2.0
4/15/15,1,21,29,16,40,30,3.0
1/6/07,24,40,1,50,49,38,4.0
4/5/14,26,11,21,34,33,29,5.0
5/12/99,5,12,40,38,4,28,
2/15/06,39,35,3,13,40,37,5.0
12/15/12,40,23,44,55,15,14,
8/14/13,17,43,11,4,51,20,
1/6/99,16,44,2,9,13,36,
5/23/15,31,9,43,17,15,16,4.0
12/13/00,6,19,38,10,43,41,
1/26/08,39,53,35,11,54,24,2.0
1/1/00,36,13,23,9,45,39,
2/4/17,52,17,16,13,6,25,3.0
1/13/07,21,1,26,23,25,4,2.0
12/10/08,37,6,41,24,15,37,4.0
8/9/14,34,12,31,51,3,24,2.0
1/23/99,3,49,30,19,26,31,
3/9/05,20,17,10,23,45,31,3.0
4/12/00,31,20,4,25,6,6,
3/22/03,29,5,31,49,47,25,3.0
3/25/98,42,44,35,23,5,29,
1/2/16,42,15,6,5,29,10,2.0
2/21/07,8,2,29,22,37,3,3.0
11/29/06,2,9,12,8,19,25,3.0
10/21/06,45,55,29,9,31,7,4.0
3/25/09,23,47,10,20,54,26,2.0
9/30/98,2,8,3,12,36,24,
8/18/10,47,4,33,32,55,39,3.0
3/5/11,42,31,23,48,2,21,2.0
1/20/10,46,15,43,44,32,19,4.0
8/21/13,30,48,42,46,40,23,
11/17/99,27,20,11,48,43,12,
11/7/15,50,53,7,16,25,15,2.0
6/30/12,20,7,15,41,44,22,
2/4/06,38,30,4,13,12,30,4.0
4/29/15,26,1,38,34,51,6,3.0
1/2/13,20,18,53,28,35,20,
3/12/05,40,23,52,46,7,41,5.0
9/2/98,28,29,44,40,21,8,
3/3/07,16,22,5,1,48,6,3.0
10/9/04,10,48,47,3,1,27,3.0
9/6/03,41,15,6,20,18,17,5.0
3/13/04,50,44,11,48,45,2,3.0
12/19/07,22,15,42,18,23,37,3.0
8/28/02,38,36,30,24,37,42,2.0
5/14/14,55,7,52,33,39,33,3.0
10/20/10,20,39,7,17,59,17,3.0
11/12/97,41,14,13,29,16,1,
12/3/97,18,9,14,47,42,32,
12/28/02,50,2,15,38,43,29,5.0
10/29/05,41,50,22,19,14,21,4.0
1/11/17,1,16,13,43,3,24,2.0
11/24/04,47,49,53,3,19,4,4.0
8/31/13,40,25,7,56,2,20,
7/26/03,9,34,30,10,32,11,3.0
8/10/16,64,56,61,23,67,12,5.0
9/15/07,51,48,16,13,27,21,5.0
3/16/11,53,28,48,39,40,9,3.0
1/21/17,45,25,23,67,52,2,2.0
8/2/00,12,42,49,33,27,31,
6/2/07,2,36,22,32,47,36,5.0
8/3/16,66,27,11,9,67,2,3.0
9/30/09,52,54,41,42,57,30,3.0
11/5/03,20,38,27,6,39,31,5.0
3/1/00,22,30,38,21,29,39,
8/17/13,18,54,56,21,46,23,
11/26/14,46,17,22,16,54,35,5.0
6/30/07,38,39,47,24,46,26,3.0
3/4/98,39,30,19,3,33,9,
1/21/98,31,32,23,1,26,33,
7/21/12,9,54,38,56,31,20,
5/12/12,35,24,58,53,10,22,
11/6/10,7,12,23,34,38,33,4.0
8/29/01,35,9,49,4,32,28,3.0
11/27/13,57,25,18,55,50,17,
9/21/13,58,54,45,17,12,13,
2/13/99,18,4,35,27,9,11,
8/4/07,27,24,2,36,23,3,2.0
8/6/05,9,1,19,36,53,33,3.0
1/4/03,11,39,1,40,37,23,2.0
10/10/12,35,18,43,29,26,28,
9/7/05,32,50,12,40,54,37,3.0
11/26/97,15,46,34,23,40,35,
10/10/98,1,19,8,28,45,25,
3/17/04,24,15,20,43,7,5,4.0
1/29/00,28,8,32,6,47,26,
2/5/03,2,7,48,9,5,32,5.0
9/23/09,7,8,29,20,25,11,5.0
3/10/12,5,41,20,14,17,5,
3/31/04,15,31,39,34,50,35,3.0
6/12/04,6,52,48,43,20,28,3.0
2/9/05,10,15,9,18,29,9,5.0
8/30/08,14,32,47,2,15,36,3.0
9/8/07,12,30,7,48,28,40,2.0
4/22/15,25,10,14,39,53,18,2.0
5/5/04,21,25,16,9,32,8,3.0
10/21/09,34,51,45,6,16,4,2.0
10/27/99,31,24,20,39,17,21,
9/8/12,34,44,20,48,6,29,
1/5/13,30,49,54,26,51,25,
3/22/08,48,46,28,25,7,19,3.0
6/3/09,22,20,32,16,37,9,2.0
6/7/14,58,30,35,28,59,15,2.0
10/14/09,15,30,5,40,25,6,2.0
10/28/98,44,24,35,9,8,42,
1/18/06,53,38,15,29,52,7,2.0
11/18/15,40,17,46,69,41,6,2.0
6/6/12,59,48,19,33,30,27,
11/15/08,7,44,8,12,3,37,2.0
10/4/06,39,27,7,3,40,8,5.0
2/2/02,27,45,19,43,12,28,1.0
9/22/04,37,6,34,14,40,7,5.0
6/26/10,57,30,13,38,32,25,4.0
11/8/03,5,24,52,38,8,22,5.0
4/4/12,33,24,49,45,1,6,
4/17/99,18,40,25,43,15,37,
7/17/13,22,1,42,38,34,17,
3/29/03,25,2,17,9,36,8,2.0
9/26/07,27,54,25,31,44,8,2.0
6/10/06,36,54,24,26,16,11,3.0
9/9/15,50,44,45,51,47,8,2.0
9/3/14,43,2,51,45,16,35,3.0
11/23/05,24,25,9,27,12,33,4.0
2/18/98,1,33,28,29,21,15,
4/20/11,9,24,43,34,36,27,3.0
4/6/13,39,29,4,8,7,24,
8/22/09,6,51,3,20,32,23,5.0
4/19/00,8,20,49,9,3,22,
11/22/97,22,31,3,7,14,2,
6/3/00,31,37,13,14,15,10,
4/24/10,57,56,1,53,12,5,2.0
11/19/14,38,6,36,48,51,17,2.0
11/18/98,21,25,33,39,46,18,
6/4/14,22,7,1,10,49,24,3.0
8/13/11,35,9,50,12,58,4,2.0
12/6/14,43,22,49,15,12,14,2.0
3/31/01,11,39,41,27,37,42,2.0
12/11/10,1,8,19,10,20,23,2.0
12/3/03,37,1,43,10,35,30,4.0
1/6/10,56,27,29,20,58,31,2.0
5/4/05,27,33,40,10,21,2,2.0
8/9/06,52,19,43,41,16,35,2.0
12/28/11,16,27,45,41,21,14,2.0
6/17/06,39,48,20,22,10,25,4.0
9/1/01,27,7,30,44,24,29,1.0
8/3/11,49,19,13,28,21,11,2.0
4/4/98,8,3,23,46,43,13,
4/22/09,30,15,48,22,37,12,2.0
11/16/02,40,51,32,33,35,1,2.0
9/16/06,26,42,27,7,8,12,5.0
7/26/08,51,55,21,12,13,18,4.0
8/15/01,37,40,44,29,43,6,5.0
12/24/05,4,10,34,50,33,14,2.0
10/6/04,50,19,44,5,6,28,4.0
2/10/99,31,42,10,27,20,26,
4/12/08,52,11,55,48,29,36,4.0
3/27/99,12,45,13,5,48,35,
1/17/07,52,35,16,49,50,31,2.0
7/13/16,57,15,29,3,54,10,3.0
2/27/13,48,20,14,34,3,21,
8/9/00,18,28,19,11,17,34,
2/26/11,4,45,21,17,13,10,5.0
12/27/14,36,14,10,11,7,15,2.0
9/23/15,8,29,51,58,41,5,2.0
1/16/08,9,18,47,38,19,11,5.0
11/11/98,48,36,14,25,10,2,
7/9/03,19,26,21,31,51,40,3.0
1/15/05,37,49,21,51,26,25,5.0
2/3/16,26,60,67,31,28,23,3.0
12/15/01,11,22,13,8,37,17,4.0
12/14/02,42,44,24,17,8,37,2.0
6/13/15,41,29,52,54,48,29,2.0
2/19/11,12,34,3,42,37,36,5.0
1/31/04,37,6,3,27,41,38,4.0
12/21/05,23,43,12,16,9,37,3.0
4/21/12,8,42,51,20,6,16,
4/18/12,22,39,49,46,20,29,
6/23/01,42,38,40,6,35,36,2.0
12/26/12,54,43,13,11,23,4,
11/19/97,19,10,48,3,21,22,
12/19/09,24,41,17,47,39,21,3.0
4/6/05,5,14,11,51,22,17,3.0
12/1/07,41,32,39,55,7,13,2.0
12/29/04,44,33,29,38,24,7,5.0
8/11/12,51,13,46,39,4,1,
3/19/03,19,37,47,51,40,40,5.0
5/29/13,49,14,9,17,57,2,
3/25/06,20,37,34,45,39,32,4.0
2/21/15,18,51,14,34,10,26,2.0
2/3/10,37,52,22,36,17,24,2.0
7/8/06,50,44,49,32,37,13,4.0
8/20/16,68,3,21,6,60,24,2.0
8/6/08,24,37,5,36,51,19,4.0
9/8/01,12,28,13,48,6,26,3.0
11/28/12,5,23,16,22,29,6,
1/21/04,17,45,41,34,13,17,4.0
4/29/98,25,46,8,47,30,31,
7/20/16,6,58,66,25,35,5,2.0
7/25/07,28,35,47,40,53,30,5.0
12/9/09,58,12,5,1,13,21,5.0
3/13/02,4,28,27,49,33,39,2.0
1/15/14,29,8,9,7,24,25,
2/28/04,25,52,53,6,26,40,2.0
9/29/01,15,2,29,47,21,12,4.0
4/23/03,51,14,23,15,31,34,2.0
1/10/01,23,22,35,6,9,6,
4/7/12,13,30,5,20,17,18,
9/27/03,48,20,9,41,30,29,5.0
1/25/17,18,62,66,68,28,22,2.0
6/15/11,41,43,20,19,38,29,4.0
9/17/16,51,19,9,62,55,14,4.0
3/25/00,6,48,43,30,45,32,
11/1/00,10,29,14,4,39,10,
7/25/15,27,44,41,29,34,2,3.0
4/2/16,9,61,28,40,30,3,2.0
5/31/08,9,17,3,14,25,8,4.0
12/5/12,27,19,38,13,17,12,
9/20/08,47,30,40,28,6,24,5.0
2/4/12,23,56,43,45,15,7,
12/3/08,17,21,25,16,55,3,5.0
7/30/08,25,55,3,51,45,13,3.0
8/21/02,48,1,47,6,43,36,1.0
1/17/01,48,16,31,9,28,36,
6/19/99,46,2,23,38,27,26,
3/13/99,11,49,8,42,44,39,
9/28/05,7,22,27,48,50,17,2.0
12/22/07,34,10,38,5,11,21,4.0
4/13/16,30,35,38,33,64,22,3.0
10/30/02,9,23,41,19,16,12,5.0
5/24/03,49,10,48,42,50,42,5.0
4/18/98,22,24,45,19,30,21,
7/21/07,46,39,30,14,43,14,4.0
9/1/04,44,45,33,51,31,31,4.0
6/13/12,14,57,33,10,7,18,
7/11/09,39,1,4,42,20,2,5.0
12/17/03,43,15,18,21,19,7,5.0
12/4/10,27,24,42,31,13,22,5.0
4/25/15,45,21,35,33,38,12,2.0
9/5/01,14,42,18,33,24,8,5.0
7/9/08,5,31,7,49,53,14,4.0
6/27/15,35,18,46,49,28,27,5.0
9/10/11,32,53,22,4,19,24,4.0
4/28/10,28,44,12,22,25,24,4.0
12/26/15,65,40,44,59,27,20,2.0
2/27/02,2,6,19,45,1,27,4.0
4/8/98,3,24,30,49,10,35,
7/16/11,28,48,54,24,50,25,3.0
1/9/10,41,44,20,54,50,22,2.0
3/5/05,40,9,27,53,13,28,2.0
1/12/13,47,21,23,14,10,7,
2/7/04,46,39,31,35,34,3,2.0
6/26/04,17,47,9,32,41,8,5.0
5/15/10,28,15,36,23,21,20,2.0
6/1/05,34,50,39,42,15,12,2.0
10/20/99,2,20,19,29,16,13,
10/19/16,43,63,16,38,10,23,2.0
8/6/16,52,33,47,36,20,12,3.0
6/21/06,11,19,22,43,45,34,3.0
4/17/04,41,4,42,34,29,11,5.0
8/4/04,37,11,26,22,51,21,5.0
1/10/09,8,56,10,18,43,9,3.0
8/17/05,8,43,53,30,3,15,5.0
4/27/16,25,39,64,2,33,17,2.0
11/16/11,22,25,39,13,51,28,2.0
6/16/12,14,16,27,15,8,26,
6/8/05,36,10,43,40,42,42,5.0
4/30/14,9,2,19,50,11,32,3.0
4/20/05,7,16,33,34,46,27,5.0
5/4/02,12,6,9,20,7,20,5.0
11/12/11,56,4,35,51,36,8,5.0
3/28/07,47,6,35,20,37,1,2.0
1/7/17,37,63,12,24,3,10,2.0
10/2/02,4,5,43,2,38,34,2.0
5/1/13,31,22,55,26,54,18,
11/20/10,12,10,38,53,57,1,5.0
6/9/12,56,45,57,22,18,27,
3/8/08,29,49,17,34,31,16,2.0
11/4/98,17,2,36,8,30,22,
12/15/04,38,1,53,11,6,11,4.0
1/10/98,17,9,7,44,20,25,
10/6/01,31,21,9,5,1,12,1.0
9/21/05,35,28,34,3,50,8,3.0
7/12/06,31,33,30,18,19,15,5.0
8/25/04,32,1,50,30,37,19,5.0
2/27/99,30,13,46,20,32,36,
1/2/10,23,3,7,42,27,37,3.0
12/15/99,35,33,47,19,32,26,
7/25/12,14,3,46,38,35,16,
7/14/12,4,46,16,37,32,13,
5/6/00,39,4,27,29,41,16,
4/26/00,37,24,10,5,17,15,
6/28/00,27,24,30,13,45,18,
12/13/06,33,32,19,54,42,15,3.0
12/22/10,33,11,44,47,46,12,2.0
8/8/07,52,21,9,16,30,9,2.0
11/21/07,13,11,20,3,40,20,2.0
2/13/02,43,33,38,10,2,19,4.0
8/19/15,6,43,48,50,8,7,2.0
6/8/02,48,46,26,42,37,38,3.0
10/4/03,8,13,29,44,48,36,3.0
6/12/02,49,39,27,13,18,20,1.0
3/13/13,38,9,32,28,5,29,
4/14/07,12,49,21,36,38,18,10.0
4/5/00,6,11,18,8,39,40,
12/2/98,45,29,36,4,22,30,
